iter	RMSE
0	5.945343869
1	4.4983588
2	3.413750126
3	2.85747062
4	2.39873431
5	2.108239327
6	1.880214655
7	1.737381174
8	1.630275883
9	1.516417946
